signal_id,ts,ts_epoch,symbol,signal_type,signal_price,executed,skip_reason,or_low,or_high,or_range,minutes_since_or_start,volatility,time_of_day,day_of_week,strategy_name,created_at
sig_c5cad6223e,2026-05-19T13:15:08.875367+00:00,1779196508.87537,MES,SELL,7390.0,1,NULL,NULL,NULL,NULL,NULL,NULL,13:15,1,ORBRetestStrategy,2026-05-19 13:15:08
sig_8643d8e124,2026-05-20T13:07:06.165819+00:00,1779282426.16582,MES,SELL,7402.5,1,NULL,NULL,NULL,NULL,NULL,NULL,13:07,2,ORBRetestStrategy,2026-05-20 13:07:06
sig_3cea9a86d4,2026-05-21T13:05:07.558156+00:00,1779368707.55816,MES,SELL,7419.5,1,NULL,NULL,NULL,NULL,NULL,NULL,13:05,3,ORBRetestStrategy,2026-05-21 13:05:07
sig_2a8a9d5dc7,2026-05-22T13:10:07.491427+00:00,1779455407.49143,MES,BUY,7499.25,1,NULL,NULL,NULL,NULL,NULL,NULL,13:10,4,ORBRetestStrategy,2026-05-22 13:10:07
sig_a759c0ad58,2026-05-25T14:48:05.463590+00:00,1779720485.46359,MES,SELL,7554.25,1,NULL,NULL,NULL,NULL,NULL,NULL,14:48,0,ORBRetestStrategy,2026-05-25 14:48:05
sig_66f9fe859c,2026-05-26T14:14:00.147085+00:00,1779804840.14708,MES,BUY,7546.0,0,filter_ranging_regime_block,NULL,NULL,NULL,NULL,NULL,14:14,1,ORBRetestStrategy,2026-05-26 14:14:00
sig_cd8cad9406,2026-05-27T13:50:10.913902+00:00,1779889810.9139,MES,SELL,7533.75,1,NULL,NULL,NULL,NULL,NULL,NULL,13:50,2,ORBRetestStrategy,2026-05-27 13:50:10
sig_643e08f741,2026-05-29T13:48:06.262436+00:00,1780062486.26244,MES,BUY,7601.75,1,NULL,NULL,NULL,NULL,NULL,NULL,13:48,4,ORBRetestStrategy,2026-05-29 13:48:06
sig_2432c30a57,2026-06-02T14:17:00.906012+00:00,1780409820.90601,MES,BUY,7609.0,0,filter_ranging_regime_block,NULL,NULL,NULL,NULL,NULL,14:17,1,ORBRetestStrategy,2026-06-02 14:17:00
sig_98caa44a42,2026-06-04T14:27:07.551866+00:00,1780583227.55187,MES,BUY,7564.5,1,NULL,NULL,NULL,NULL,NULL,NULL,14:27,3,ORBRetestStrategy,2026-06-04 14:27:07
sig_b7706dd728,2026-06-08T14:06:08.525490+00:00,1780927568.52549,MES,SELL,7442.75,1,NULL,NULL,NULL,NULL,NULL,NULL,14:06,0,ORBRetestStrategy,2026-06-08 14:06:08
sig_2ea04c5a81,2026-06-08T16:16:11.802500+00:00,1780935371.8025,MES,SELL,7457.0,0,filter_ranging_regime_block,NULL,NULL,NULL,NULL,NULL,16:16,0,MeanReversionStrategy,2026-06-08 16:16:11
sig_0792b500b8,2026-06-08T16:30:02.873501+00:00,1780936202.8735,MES,BUY,7445.0,0,filter_ranging_regime_block,NULL,NULL,NULL,NULL,NULL,16:30,0,MeanReversionStrategy,2026-06-08 16:30:02
sig_a346c35381,2026-06-08T16:48:00.201554+00:00,1780937280.20155,MES,SELL,7450.25,0,filter_no_downward_momentum (change=0.0010),NULL,NULL,NULL,NULL,NULL,16:48,0,MeanReversionStrategy,2026-06-08 16:48:00
sig_c0da488ab6,2026-06-08T17:04:08.957074+00:00,1780938248.95707,MES,BUY,7428.5,0,filter_ranging_regime_block,NULL,NULL,NULL,NULL,NULL,17:04,0,MeanReversionStrategy,2026-06-08 17:04:08
sig_a33693f1af,2026-06-09T16:18:01.298002+00:00,1781021881.298,MES,BUY,7289.0,0,filter_no_upward_momentum (change=-0.0025),NULL,NULL,NULL,NULL,NULL,16:18,1,MeanReversionStrategy,2026-06-09 16:18:01
sig_074ae245d8,2026-06-09T17:01:32.680028+00:00,1781024492.68003,MES,SELL,7288.75,0,filter_no_downward_momentum (change=0.0036),NULL,NULL,NULL,NULL,NULL,17:01,1,MeanReversionStrategy,2026-06-09 17:01:32
sig_4eba841788,2026-06-09T19:17:25.253364+00:00,1781032645.25336,MES,BUY,7361.75,0,filter_no_upward_momentum (change=-0.0029),NULL,NULL,NULL,NULL,NULL,19:17,1,MeanReversionStrategy,2026-06-09 19:17:25
sig_2be0fddd5b,2026-06-09T19:52:34.898804+00:00,1781034754.8988,MES,SELL,7378.75,0,filter_no_downward_momentum (change=0.0039),NULL,NULL,NULL,NULL,NULL,19:52,1,MeanReversionStrategy,2026-06-09 19:52:34
sig_85ea8b08f9,2026-06-10T16:38:26.147248+00:00,1781109506.14725,MES,SELL,7340.0,0,filter_ranging_regime_block,NULL,NULL,NULL,NULL,NULL,16:38,2,MeanReversionStrategy,2026-06-10 16:38:26
sig_340fd51ec0,2026-06-10T17:11:11.362876+00:00,1781111471.36288,MES,BUY,7310.25,0,filter_ranging_regime_block,NULL,NULL,NULL,NULL,NULL,17:11,2,MeanReversionStrategy,2026-06-10 17:11:11
sig_8d44ef8546,2026-06-10T17:47:01.026636+00:00,1781113621.02664,MES,SELL,7317.5,0,filter_no_downward_momentum (change=0.0024),NULL,NULL,NULL,NULL,NULL,17:47,2,MeanReversionStrategy,2026-06-10 17:47:01
sig_da6348c1cb,2026-06-10T18:19:02.350249+00:00,1781115542.35025,MES,BUY,7319.5,0,filter_no_upward_momentum (change=-0.0019),NULL,NULL,NULL,NULL,NULL,18:19,2,MeanReversionStrategy,2026-06-10 18:19:02
sig_13f20ba029,2026-06-11T14:31:07.701180+00:00,1781188267.70118,MES,BUY,7304.5,1,NULL,NULL,NULL,NULL,NULL,NULL,14:31,3,ORBRetestStrategy,2026-06-11 14:31:07
sig_6112e1f2ff,2026-06-11T18:04:03.555516+00:00,1781201043.55552,MES,BUY,7350.25,0,filter_no_upward_momentum (change=-0.0031),NULL,NULL,NULL,NULL,NULL,18:04,3,MeanReversionStrategy,2026-06-11 18:04:03
sig_0bbf5d8680,2026-06-12T13:52:06.735589+00:00,1781272326.73559,MES,SELL,7375.0,1,NULL,NULL,NULL,NULL,NULL,NULL,13:52,4,ORBRetestStrategy,2026-06-12 13:52:06
sig_3990dc5310,2026-06-12T16:14:48.366010+00:00,1781280888.36601,MES,SELL,7427.75,0,filter_no_downward_momentum (change=0.0030),NULL,NULL,NULL,NULL,NULL,16:14,4,MeanReversionStrategy,2026-06-12 16:14:48
sig_471e1ad4ae,2026-06-12T19:36:01.700272+00:00,1781292961.70027,MES,BUY,7421.25,0,filter_ranging_regime_block,NULL,NULL,NULL,NULL,NULL,19:36,4,MeanReversionStrategy,2026-06-12 19:36:01
sig_f70fb3f540,2026-06-15T13:55:06.826589+00:00,1781531706.82659,MES,BUY,7620.5,1,NULL,NULL,NULL,NULL,NULL,NULL,13:55,0,ORBRetestStrategy,2026-06-15 13:55:06
sig_921e9d62b7,2026-06-16T14:29:07.088736+00:00,1781620147.08874,MES,SELL,7616.75,1,NULL,NULL,NULL,NULL,NULL,NULL,14:29,1,ORBRetestStrategy,2026-06-16 14:29:07
sig_e0c8636402,2026-06-17T17:54:14.850902+00:00,1781718854.8509,MNQ,SELL,30139.75,1,NULL,NULL,NULL,NULL,NULL,NULL,17:54,2,MeanReversionStrategy,2026-06-17 17:54:14
sig_602ab1e26b,2026-06-17T18:01:16.970419+00:00,1781719276.97042,MNQ,BUY,30030.75,1,NULL,NULL,NULL,NULL,NULL,0.206001297236328,18:01,2,MeanReversionStrategy,2026-06-17 18:01:16
sig_2d9f43c63c,2026-06-17T18:40:00.335772+00:00,1781721600.33577,MNQ,SELL,30053.5,1,NULL,NULL,NULL,NULL,NULL,5.07313155493165,18:40,2,MeanReversionStrategy,2026-06-17 18:40:00
sig_1460011988,2026-06-17T18:59:17.465281+00:00,1781722757.46528,MNQ,BUY,29950.75,1,NULL,NULL,NULL,NULL,NULL,5.68467235856405,18:59,2,MeanReversionStrategy,2026-06-17 18:59:17
sig_2e2c6f1f72,2026-06-18T18:28:21.400879+00:00,1781807301.40088,MNQ,SELL,30699.0,1,NULL,NULL,NULL,NULL,NULL,NULL,18:28,3,MeanReversionStrategy,2026-06-18 18:28:21
sig_0e236889d4,2026-07-02T13:51:08.839602+00:00,1783000268.8396,MES,BUY,7579.0,1,NULL,NULL,NULL,NULL,NULL,NULL,13:51,3,ORBRetestStrategy,2026-07-02 13:51:08
sig_431b87b20b,2026-07-02T17:04:08.620922+00:00,1783011848.62092,MES,BUY,7491.0,1,NULL,NULL,NULL,NULL,NULL,0.273058361531062,17:04,3,MeanReversionStrategy,2026-07-02 17:04:08
sig_d7c76b431f,2026-07-07T14:10:08.828736+00:00,1783433408.82874,MES,SELL,7560.75,1,NULL,NULL,NULL,NULL,NULL,NULL,14:10,1,MESStrategyWrapper,2026-07-07 14:10:08
sig_457b39546a,2026-07-09T15:10:00.554837+00:00,1783609800.55484,MES,BUY,7570.0,0,"filter_weak_momentum (score=0.10, need 0.25)",NULL,NULL,NULL,NULL,NULL,15:10,3,MESStrategyWrapper,2026-07-09 15:10:00
sig_b01708312b,2026-07-10T15:05:00.406687+00:00,1783695900.40669,MES,SELL,7581.5,0,"filter_weak_momentum (score=0.10, need 0.25)",NULL,NULL,NULL,NULL,NULL,15:05,4,MESStrategyWrapper,2026-07-10 15:05:00
sig_99561a0958,2026-07-13T14:45:00.122949+00:00,1783953900.12295,MES,SELL,7585.75,0,"filter_weak_momentum (score=0.20, need 0.25)",NULL,NULL,NULL,NULL,NULL,14:45,0,MESStrategyWrapper,2026-07-13 14:45:00
sig_142e146885,2026-07-14T14:25:07.055386+00:00,1784039107.05539,MES,SELL,7571.75,1,NULL,NULL,NULL,NULL,NULL,NULL,14:25,1,MESStrategyWrapper,2026-07-14 14:25:07
sig_8a6862e2e5,2026-07-24T14:45:00.026084+00:00,1784904300.02608,MES,SELL,7437.5,0,filter_ranging_regime_block,NULL,NULL,NULL,NULL,NULL,14:45,4,MESStrategyWrapper,2026-07-24 14:45:00
sig_ca4fdf258d,2026-07-31T14:00:01.011606+00:00,1785506401.01161,MES,SELL,7471.5,0,filter_stop_hunt_block,NULL,NULL,NULL,NULL,NULL,14:00,4,MESStrategyWrapper,2026-07-31 14:00:01
sig_3b8ab094f5,2026-08-18T13:50:00.656540+00:00,1787061000.65654,MES,SELL,7724.75,0,"filter_weak_momentum (score=0.21, need 0.25)",NULL,NULL,NULL,NULL,NULL,13:50,1,MESStrategyWrapper,2026-08-18 13:50:00
sig_be87f67f02,2026-08-21T15:00:00.433826+00:00,1787324400.43383,MES,BUY,7693.75,0,filter_overbought (RSI=81.4),NULL,NULL,NULL,NULL,NULL,15:00,4,MESStrategyWrapper,2026-08-21 15:00:00
sig_38345a30c8,2026-08-28T14:40:00.543970+00:00,1787928000.54397,MES,BUY,7752.75,0,filter_stop_hunt_block,NULL,NULL,NULL,NULL,NULL,14:40,4,MESStrategyWrapper,2026-08-28 14:40:00
sig_3ff5477ea5,2026-09-09T15:10:00.725290+00:00,1788966600.72529,MES,SELL,7641.75,1,NULL,NULL,NULL,NULL,NULL,NULL,15:10,2,MESStrategyWrapper,2026-09-09 15:10:00
sig_356194e975,2026-09-16T14:50:00.787628+00:00,1789570200.78763,MES,BUY,7678.25,0,filter_ranging_regime_block,NULL,NULL,NULL,NULL,NULL,14:50,2,MESStrategyWrapper,2026-09-16 14:50:00
sig_f740ffc60a,2026-09-17T15:00:11.447327+00:00,1789657211.44733,MES,SELL,7688.25,1,NULL,NULL,NULL,NULL,NULL,NULL,15:00,3,MESStrategyWrapper,2026-09-17 15:00:11
sig_d1b9489835,2026-09-25T15:25:00.347764+00:00,1790349900.34776,MES,SELL,7776.5,0,filter_ranging_regime_block,NULL,NULL,NULL,NULL,NULL,15:25,4,MESStrategyWrapper,2026-09-25 15:25:00
sig_e4b445ef86,2026-09-30T14:50:00.831193+00:00,1790779800.83119,MES,BUY,7774.5,0,filter_ranging_regime_block,NULL,NULL,NULL,NULL,NULL,14:50,2,MESStrategyWrapper,2026-09-30 14:50:00
sig_322c956609,2026-10-02T14:30:00.967925+00:00,1790951400.96793,MES,BUY,7804.25,0,filter_stop_hunt_block,NULL,NULL,NULL,NULL,NULL,14:30,4,MESStrategyWrapper,2026-10-02 14:30:00
sig_9969258118,2026-10-06T14:40:07.715947+00:00,1791297607.71595,MES,BUY,7877.75,1,NULL,NULL,NULL,NULL,NULL,NULL,14:40,1,MESStrategyWrapper,2026-10-06 14:40:07
