trade_id,signal_id,fill_id,attempt_id,symbol,side,qty,entry_price,exit_price,pnl,pnl_points,ts_open,ts_close,duration_seconds,entry_reason,exit_reason,entry_slippage_points,exit_slippage_points,signal_to_fill_ms,entry_volatility,exit_volatility,market_context,status,dry_run,created_at,strategy_name
fill_exit_beab5260db_att_4a4cdaa675,exit_beab5260db,fill_exit_beab5260db_att_4a4cdaa675,att_4a4cdaa675,MES,SELL,1,6833.0,6836.0,15.0,-3.0,2026-04-13T13:31:15.186082+00:00,NULL,NULL,NULL,trailing_stop (locked_in_profit: 5.00 pts),NULL,NULL,NULL,NULL,NULL,{},opened,0,2026-04-13 13:31:15,Unknown
fill_exit_65af78958f_att_f6b3876fb0,exit_65af78958f,fill_exit_65af78958f_att_f6b3876fb0,att_f6b3876fb0,MES,SELL,1,6960.0,6966.5,32.5,-6.5,2026-04-14T14:11:27.738942+00:00,NULL,NULL,NULL,trailing_stop (locked_in_profit: 3.75 pts),NULL,NULL,NULL,NULL,NULL,{},opened,0,2026-04-14 14:11:27,Unknown
fill_exit_33917463e9_att_eea6aa28cd,exit_33917463e9,fill_exit_33917463e9_att_eea6aa28cd,att_eea6aa28cd,MES,SELL,1,7141.0,7134.25,-33.75,6.75,2026-04-17T13:22:43.778948+00:00,NULL,NULL,NULL,stop_loss_points,NULL,NULL,NULL,NULL,NULL,{},opened,0,2026-04-17 13:22:43,Unknown
fill_exit_dedcb693e2_att_e268eb79b9,exit_dedcb693e2,fill_exit_dedcb693e2_att_e268eb79b9,att_e268eb79b9,MES,BUY,1,7392.5,7398.25,-28.75,5.75,2026-05-08T13:33:12.974354+00:00,NULL,NULL,NULL,stop_loss_points,NULL,NULL,NULL,NULL,NULL,{},opened,0,2026-05-08 13:33:12,Unknown
fill_exit_428e2cd427_att_42520741c6,exit_428e2cd427,fill_exit_428e2cd427_att_42520741c6,att_42520741c6,MES,SELL,1,7500.5,7504.0,17.5,-3.5,2026-05-14T14:31:16.585083+00:00,NULL,NULL,NULL,trailing_stop (locked_in_profit: 2.50 pts),NULL,NULL,NULL,NULL,NULL,{},opened,0,2026-05-14 14:31:16,Unknown
fill_exit_c30bbe5016_att_1b5fdc46ab,exit_c30bbe5016,fill_exit_c30bbe5016_att_1b5fdc46ab,att_1b5fdc46ab,MES,SELL,1,7441.25,7440.75,-2.5,0.5,2026-05-15T13:34:52.593391+00:00,NULL,NULL,NULL,stop_loss_points,NULL,NULL,NULL,NULL,NULL,{},opened,0,2026-05-15 13:34:52,Unknown
fill_exit_49b249f9bc_att_0fc3b1031a,exit_49b249f9bc,fill_exit_49b249f9bc_att_0fc3b1031a,att_0fc3b1031a,MES,BUY,1,7424.0,7417.0,35.0,-7.0,2026-05-18T14:47:20.097305+00:00,NULL,NULL,NULL,trailing_stop (locked_in_profit: 8.25 pts),NULL,NULL,NULL,NULL,NULL,{},opened,0,2026-05-18 14:47:20,Unknown
fill_exit_a809813db7_att_4b02a69034,exit_a809813db7,fill_exit_a809813db7_att_4b02a69034,att_4b02a69034,MES,BUY,1,7402.5,7401.5,5.0,-1.0,2026-05-20T13:14:50.449741+00:00,NULL,NULL,NULL,breakeven_stop (locked=0.25pts),NULL,NULL,NULL,NULL,NULL,{},closed,0,2026-05-20 13:14:50,Unknown
fill_exit_7cd51bdb78_att_93b36698eb,exit_7cd51bdb78,fill_exit_7cd51bdb78_att_93b36698eb,att_93b36698eb,MES,BUY,1,7426.5,7427.75,-6.25,1.25,2026-05-21T13:08:04.942041+00:00,NULL,NULL,NULL,breakeven_stop (locked=0.50pts),NULL,NULL,NULL,NULL,NULL,{},closed,0,2026-05-21 13:08:04,Unknown
fill_exit_e53559043a_att_ff7f858176,exit_e53559043a,fill_exit_e53559043a_att_ff7f858176,att_ff7f858176,MES,SELL,1,7506.25,7499.25,-35.0,7.0,2026-05-22T13:19:20.891692+00:00,NULL,NULL,NULL,stop_loss_points,NULL,NULL,NULL,NULL,NULL,{},closed,0,2026-05-22 13:19:20,Unknown
fill_exit_825824a3fe_att_774e79ddf4,exit_825824a3fe,fill_exit_825824a3fe_att_774e79ddf4,att_774e79ddf4,MES,BUY,1,7556.75,7556.25,2.5,-0.5,2026-05-25T15:01:22.964387+00:00,NULL,NULL,NULL,breakeven_stop (locked=0.50pts),NULL,NULL,NULL,NULL,NULL,{},closed,0,2026-05-25 15:01:23,Unknown
fill_exit_db95b07290_att_56ae9b72a9,exit_db95b07290,fill_exit_db95b07290_att_56ae9b72a9,att_56ae9b72a9,MES,BUY,1,7530.75,7535.5,-23.75,4.75,2026-05-27T13:51:56.245004+00:00,NULL,NULL,NULL,stop_loss_points,NULL,NULL,NULL,NULL,NULL,{},closed,0,2026-05-27 13:51:56,Unknown
fill_exit_e13cf1540c_att_e21b90be5f,exit_e13cf1540c,fill_exit_e13cf1540c_att_e21b90be5f,att_e21b90be5f,MES,SELL,1,7607.25,7608.0,3.75,-0.75,2026-05-29T13:55:52.853595+00:00,NULL,NULL,NULL,breakeven_stop (locked=0.50pts),NULL,NULL,NULL,NULL,NULL,{},closed,0,2026-05-29 13:55:52,Unknown
fill_exit_4f44c703a6_att_7a1ea6fa3d,exit_4f44c703a6,fill_exit_4f44c703a6_att_7a1ea6fa3d,att_7a1ea6fa3d,MES,SELL,1,7568.5,7569.0,2.5,-0.5,2026-06-04T14:28:57.854680+00:00,NULL,NULL,NULL,breakeven_stop (locked=0.25pts),NULL,NULL,NULL,NULL,NULL,{},closed,0,2026-06-04 14:28:57,ORBRetestStrategy
fill_exit_76878250ad_att_fb2f24b905,exit_76878250ad,fill_exit_76878250ad_att_fb2f24b905,att_fb2f24b905,MES,BUY,1,7437.75,7444.0,-31.25,6.25,2026-06-08T14:06:45.219535+00:00,NULL,NULL,NULL,stop_loss_points,NULL,NULL,NULL,NULL,NULL,{},closed,0,2026-06-08 14:06:45,ORBRetestStrategy
fill_exit_5f4bd20a31_att_5844161942,exit_5f4bd20a31,fill_exit_5f4bd20a31_att_5844161942,att_5844161942,MES,SELL,1,7299.75,7301.25,7.5,-1.5,2026-06-11T14:31:23.078964+00:00,NULL,NULL,NULL,breakeven_stop (locked=0.00pts),NULL,NULL,NULL,NULL,NULL,{},closed,0,2026-06-11 14:31:23,ORBRetestStrategy
fill_exit_923f79bff2_att_9232c1ad1f,exit_923f79bff2,fill_exit_923f79bff2_att_9232c1ad1f,att_9232c1ad1f,MES,BUY,1,7370.5,7377.5,-35.0,7.0,2026-06-12T13:52:49.245369+00:00,NULL,NULL,NULL,stop_loss_points,NULL,NULL,NULL,NULL,NULL,{},closed,0,2026-06-12 13:52:49,ORBRetestStrategy
fill_exit_d33b1a3c11_att_3593e731ff,exit_d33b1a3c11,fill_exit_d33b1a3c11_att_3593e731ff,att_3593e731ff,MES,SELL,1,7619.5,7614.0,-27.5,5.5,2026-06-15T14:00:01.857564+00:00,NULL,NULL,NULL,stop_loss_points,NULL,NULL,NULL,NULL,NULL,{},closed,0,2026-06-15 14:00:01,ORBRetestStrategy
fill_exit_43cf84015a_att_b760fa3d54,exit_43cf84015a,fill_exit_43cf84015a_att_b760fa3d54,att_b760fa3d54,MES,BUY,1,7614.25,7608.75,27.5,-5.5,2026-06-16T14:31:17.155176+00:00,NULL,NULL,NULL,trailing_stop (locked_in_profit: 4.50 pts),NULL,NULL,NULL,NULL,NULL,{},closed,0,2026-06-16 14:31:17,ORBRetestStrategy
fill_exit_5a542c5e30_att_8591a1724b,exit_5a542c5e30,fill_exit_5a542c5e30_att_8591a1724b,att_8591a1724b,MNQ,BUY,1,30140.75,30146.5,-11.5,5.75,2026-06-17T17:54:30.312990+00:00,NULL,NULL,NULL,stop_loss_points,NULL,NULL,NULL,NULL,NULL,{},closed,0,2026-06-17 17:54:30,MeanReversionStrategy
fill_exit_dab4fef58c_att_f5cd711d9e,exit_dab4fef58c,fill_exit_dab4fef58c_att_f5cd711d9e,att_f5cd711d9e,MNQ,SELL,1,30031.0,30033.5,5.0,-2.5,2026-06-17T18:01:34.814060+00:00,NULL,NULL,NULL,breakeven_stop (locked=0.25pts),NULL,NULL,NULL,NULL,NULL,{},closed,0,2026-06-17 18:01:34,MeanReversionStrategy
fill_exit_89e2bd44ea_att_1fc9e4b136,exit_89e2bd44ea,fill_exit_89e2bd44ea_att_1fc9e4b136,att_1fc9e4b136,MNQ,BUY,1,30049.5,30074.5,-50.0,25.0,2026-06-17T18:40:12.582787+00:00,NULL,NULL,NULL,stop_loss_points,NULL,NULL,NULL,NULL,NULL,{},closed,0,2026-06-17 18:40:12,MeanReversionStrategy
fill_exit_4876947efc_att_8e27624d3d,exit_4876947efc,fill_exit_4876947efc_att_8e27624d3d,att_8e27624d3d,MNQ,SELL,1,29958.5,29956.5,-4.0,2.0,2026-06-17T18:59:31.956725+00:00,NULL,NULL,NULL,trailing_stop (locked_in_profit: 11.75 pts),NULL,NULL,NULL,NULL,NULL,{},closed,0,2026-06-17 18:59:32,MeanReversionStrategy
fill_exit_fb50c68be0_att_e9d5217e80,exit_fb50c68be0,fill_exit_fb50c68be0_att_e9d5217e80,att_e9d5217e80,MNQ,BUY,1,30692.25,30698.25,-12.0,6.0,2026-06-18T18:28:31.290078+00:00,NULL,NULL,NULL,stop_loss_points,NULL,NULL,NULL,NULL,NULL,{},closed,0,2026-06-18 18:28:31,MeanReversionStrategy
fill_exit_fb14e6e155_att_a7846612f6,exit_fb14e6e155,fill_exit_fb14e6e155_att_a7846612f6,att_a7846612f6,MES,SELL,1,7589.5,7591.0,7.5,-1.5,2026-07-02T13:53:28.110822+00:00,NULL,NULL,NULL,breakeven_stop (locked=1.00pts),NULL,NULL,NULL,NULL,NULL,{},closed,0,2026-07-02 13:53:28,ORBRetestStrategy
fill_exit_2397de23eb_att_6239f8a4f8,exit_2397de23eb,fill_exit_2397de23eb_att_6239f8a4f8,att_6239f8a4f8,MES,SELL,1,7487.5,7497.25,48.75,-9.75,2026-07-02T17:07:09.197011+00:00,NULL,NULL,NULL,take_profit_points,NULL,NULL,NULL,NULL,NULL,{},closed,0,2026-07-02 17:07:09,MeanReversionStrategy
fill_exit_06c707e2a1_att_ed3f3fda9b,exit_06c707e2a1,fill_exit_06c707e2a1_att_ed3f3fda9b,att_ed3f3fda9b,MES,BUY,1,7560.0,7555.5,22.5,-4.5,2026-07-07T14:13:37.451896+00:00,NULL,NULL,NULL,trailing_stop (locked_in_profit: 4.25 pts),NULL,NULL,NULL,NULL,NULL,{},closed,0,2026-07-07 14:13:37,MESStrategyWrapper
fill_exit_dd9a9c6a6d_att_c00c117bdc,exit_dd9a9c6a6d,fill_exit_dd9a9c6a6d_att_c00c117bdc,att_c00c117bdc,MES,BUY,1,7570.0,7579.25,-46.25,9.25,2026-07-14T14:26:59.660652+00:00,NULL,NULL,NULL,stop_loss_points,NULL,NULL,NULL,NULL,NULL,{},closed,0,2026-07-14 14:26:59,MESStrategyWrapper
fill_exit_ab3c758a23_att_fd1da25929,exit_ab3c758a23,fill_exit_ab3c758a23_att_fd1da25929,att_fd1da25929,MES,BUY,1,7688.25,7687.5,3.75,-0.75,2026-09-17T15:07:47.987987+00:00,NULL,NULL,NULL,breakeven_stop (locked=0.75pts),NULL,NULL,NULL,NULL,NULL,{},closed,0,2026-09-17 15:07:48,MESStrategyWrapper
fill_flatten_78b2dd6571_att_25c74af2b4,flatten_78b2dd6571,fill_flatten_78b2dd6571_att_25c74af2b4,att_25c74af2b4,MES,SELL,1,7742.0,7742.25,0.01,-0.25,2026-10-01T11:53:23.528358+00:00,NULL,NULL,NULL,manual_flatten,NULL,NULL,NULL,NULL,NULL,{},closed,0,2026-10-01 11:53:23,OpeningRangeStrategy
fill_flatten_59c671eede_att_4b1a0693ef,flatten_59c671eede,fill_flatten_59c671eede_att_4b1a0693ef,att_4b1a0693ef,MES,SELL,1,7777.25,7774.25,-16.24,3.0,2026-10-05T11:42:05.186948+00:00,NULL,NULL,NULL,auto_flatten_eod,NULL,NULL,NULL,NULL,NULL,{},closed,0,2026-10-05 11:42:05,OpeningRangeStrategy
fill_exit_f3c785847e_att_3f35e7c52d,exit_f3c785847e,fill_exit_f3c785847e_att_3f35e7c52d,att_3f35e7c52d,MES,SELL,1,7878.0,7878.75,2.51,-0.75,2026-10-06T14:48:37.236731+00:00,NULL,NULL,NULL,breakeven_stop (locked=1.00pts),NULL,NULL,NULL,NULL,NULL,{},closed,0,2026-10-06 14:48:37,MESStrategyWrapper
